Workbook

Sheet Revision
A1: Vendor | B1: Site
A2: Magsound | B2: Ningbo
A3: Project | B3: Build
A4: B747 Radial | B4: Ramp
A5: APN | B5: Description
A6: 160-05689-A(Mirror 160-05690-A) | B6: IQC
A7: 160-05689-A(Mirror 160-05690-A) | B7: Machining
A8: 160-05689-A(Mirror 160-05690-A) | B8: Surface Treatment
A9: 160-05689-A(Mirror 160-05690-A) | B9: Assembling
A10: 160-05689-A(Mirror 160-05690-A) | B10: OQC
A11: 160-05689-A(Mirror 160-05690-A) | B11: Rel
A13: Revision | B13: Date | C13: Revision for | I13: Revision Description | J13: Editor | K13: Approver
C14: IQC | D14: Machining | E14: Surface Treatment | F14: Assembling | G14: OQC | H14: Rel
A15: 1 | B15: 45706 | C15: Yes | D15: Yes | E15: Yes | F15: Yes | G15: Yes | H15: Yes | I15: Initial release for EVT Build | J15: Leo Lai | K15: Ray Fu
A16: 2 | B16: 45777 | C16: Yes | D16: Yes | E16: Yes | F16: Yes | G16: Yes | H16: Yes | I16: Initial release for EVT Build | J16: Leo Lai | K16: Liao Wei
A17: 3 | B17: 45826 | C17: Yes | D17: Yes | E17: Yes | F17: Yes | G17: Yes | H17: Yes | I17: Initial release for RAMP Build | J17: Leo Lai | K17: Liao Wei
A18: 4 | B18: 45917 | C18: Yes | D18: Yes | E18: Yes | F18: Yes | G18: Yes | H18: Yes | I18: Update to version A | J18: Leo Lai | K18: Liao Wei

Sheet IQC
A1: Project | B1: Build
A2: =IF(Revision!A4="","",Revision!A4) -> B747 Radial | B2: =IF(Revision!B4="","",Revision!B4) -> Ramp
A3: APN | B3: Description
A4: =Revision!A6 -> 160-05689-A(Mirror 160-05690-A) | B4: =IF(Revision!B6="","",Revision!B6) -> IQC
A6: Part Name | B6: APN | C6: Revision | D6: Category Dim, Cos, Function, ORT, Rel | E6: Description Detailed inspection items | F6: Control Plan Refer "IQC Reaction Plan"
F7: Inspection Equipment | G7: Sampling Plan | H7: Acceptance Criteria
A8: MAGNET,RADIAL,M1MAGNETIZED,TE （MAGNET,RADIAL,M2MAGNETIZED,TE） | B8: 160-05689-A (Mirror 160-05690-A) N48SH | C8: 4 | D8: Function | E8: 剩磁 Br 13.7 - 14.2 kGs | F8: 磁性能测试仪AMT-4 Magnetic permanent tester | G8: 3pcs/Furnace炉 | H8: 0收1退(Ac=0)
C9: 4 | D9: Function | E9: 矫顽力 Hcb 13.2 kOe Min | F9: 磁性能测试仪AMT-4 Magnetic permanent tester | G9: 3pcs/Furnace炉 | H9: 0收1退(Ac=0)
C10: 4 | D10: Function | E10: 内禀矫顽力 Hcj 19.0 kOe Min | F10: 磁性能测试仪AMT-4 Magnetic permanent tester | G10: 3pcs/Furnace炉 | H10: 0收1退(Ac=0)
C11: 4 | D11: Function | E11: 最大磁能积 BH max 45~49 MGOe | F11: 磁性能测试仪AMT-4 Magnetic permanent tester | G11: 3pcs/Furnace炉 | H11: 0收1退(Ac=0)
C12: 4 | D12: ORT | E12: 硬度 Hardness HV 600±100 | F12: 硬度计 Hardmeter HVS-1000 | G12: 3pcs/Furnace炉 | H12: 0收1退(Ac=0)
C13: 4 | D13: ORT | E13: 密度 7.55~7.65 g/cm3 | F13: 密度 Drainage tester | G13: 3pcs/Furnace炉 | H13: 0收1退(Ac=0)

Sheet Machining
A1: Project | B1: Build
A2: =IF(Revision!A4="","",Revision!A4) -> B747 Radial | B2: =IF(Revision!B4="","",Revision!B4) -> Ramp
A3: APN | B3: Description
A4: =Revision!A7 -> 160-05689-A(Mirror 160-05690-A) | B4: =IF(Revision!B7="","",Revision!B7) -> Machining
A6: Station Station No. with Description | B6: Category Dim, Cos, Function, ORT | C6: Apple DWG Apple official drawing for reference, DO NOT release for online control | F6: Internal DWG Vendor internal drawing been used for by station inspections | J6: FAI Control Plan Refer "Online Quality Control Reaction Plan" | L6: IPQC Control Plan Refer "Online Quality Control Reaction Plan"
C7: SPC No. | D7: FAI No. | E7: Spec | F7: Dim No. | G7: Spec | H7: Description | I7: CTQ Category | J7: FAI Spec | K7: Inspection Equipment | L7: IPQC Spec | M7: Inspection Equipment | N7: Inspection Frequency
A8: 1道线锯 1st Wire Saw | B8: Dim | C8: / | D8: / | E8: / | F8: / | G8: 8.93±0.05 mm | H8: 长 Length | I8: Not CTQ | J8: 8.93±0.04 mm | K8: MIC | L8: 8.93±0.04 mm | M8: MIC | N8: 5pcs/2h
A9: 1道双面磨 1st Double Side Grinding | B9: Dim | C9: / | D9: / | E9: / | F9: / | G9: 8.809±0.03 mm | H9: 长 Length | I9: Not CTQ | J9: 8.809±0.02 mm | K9: MIC | L9: 8.809±0.02 mm | M9: MIC | N9: 5pcs/2h
A10: 2道线锯 2nd Wire Saw | B10: Dim | C10: / | D10: / | E10: / | F10: / | G10: 3.93±0.05 mm | H10: 宽 Width | I10: Not CTQ | J10: 3.93±0.04 mm | K10: MIC | L10: 3.93±0.04 mm | M10: MIC | N10: 5pcs/2h
A11: 2道双面磨 1nd Double Side Grinding | B11: Dim | C11: / | D11: / | E11: / | F11: / | G11: 3.825±0.03 mm | H11: 宽 Width | I11: Not CTQ | J11: 3.825±0.02 mm | K11: MIC | L11: 3.825±0.02 mm | M11: MIC | N11: 5pcs/2h
A12: 1道轮廓磨 1st Profile Grinding | B12: Dim | C12: / | D12: / | E12: / | F12: / | G12: 21.5±0.05 mm | H12: Radius 半径 | I12: Not CTQ | J12: 21.5±0.04 mm | K12: KEYENCE | L12: 21.5±0.04 mm | M12: KEYENCE | N12: 5pcs/2h
B13: Dim | C13: / | D13: / | E13: / | F13: / | G13: 24.5±0.05 mm | H13: Radius 半径 | I13: Not CTQ | J13: 24.5±0.04 mm | K13: KEYENCE | L13: 24.5±0.04 mm | M13: KEYENCE | N13: 5pcs/2h
A14: 3道线锯 3rd Wire Saw | B14: Dim | C14: / | D14: / | E14: / | F14: / | G14: 1.57±0.05mm | H14: 厚度 Thickness | I14: Not CTQ | J14: 1.57±0.04mm | K14: MIC | L14: 1.57±0.04mm | M14: MIC | N14: 5pcs/2h
A15: 3道双面磨 3rd Double Side Grinding | B15: Dim | C15: / | D15: / | E15: / | F15: / | G15: 1.47±0.03 mm | H15: 厚度 Thickness | I15: Not CTQ | J15: 1.47±0.02 mm | K15: MIC | L15: 1.47±0.02 mm | M15: MIC | N15: 5pcs/2h
A16: 轮廓磨 Profile Grinding | B16: Dim | C16: / | D16: / | E16: / | F16: / | G16: 0.96±0.05 mm | H16: 高度 higher | I16: Not CTQ | J16: 0.96±0.04 mm | K16: CMM | L16: 0.96±0.04 mm | M16: CMM | N16: 5pcs/2h
B17: Dim | C17: / | D17: / | E17: / | F17: / | G17: 0.93±0.05 mm | H17: 高度 higher | I17: Not CTQ | J17: 0.93±0.04 mm | K17: CMM | L17: 0.93±0.04 mm | M17: CMM | N17: 5pcs/2h
B18: Dim | C18: / | D18: / | E18: / | F18: / | G18: 0.90±0.05 mm | H18: 高度 higher | I18: Not CTQ | J18: 0.90±0.04 mm | K18: CMM | L18: 0.90±0.04 mm | M18: CMM | N18: 5pcs/2h
B19: Dim | C19: / | D19: / | E19: / | F19: / | G19: 0.88±0.05 mm | H19: 高度 higher | I19: Not CTQ | J19: 0.88±0.04 mm | K19: CMM | L19: 0.88±0.04 mm | M19: CMM | N19: 5pcs/2h
B20: Dim | C20: / | D20: / | E20: / | F20: / | G20: 0.87±0.05 mm | H20: 高度 higher | I20: Not CTQ | J20: 0.87±0.04 mm | K20: CMM | L20: 0.87±0.04 mm | M20: CMM | N20: 5pcs/2h
B21: Dim | C21: / | D21: / | E21: / | F21: / | G21: 0.86±0.05 mm | H21: 高度 higher | I21: Not CTQ | J21: 0.86±0.04 mm | K21: CMM | L21: 0.86±0.04 mm | M21: CMM | N21: 5pcs/2h
B22: Dim | C22: / | D22: / | E22: / | F22: / | G22: 0.87±0.05 mm | H22: 高度 higher | I22: Not CTQ | J22: 0.87±0.04 mm | K22: CMM | L22: 0.87±0.04 mm | M22: CMM | N22: 5pcs/2h
B23: Dim | C23: / | D23: / | E23: / | F23: / | G23: 0.86±0.05 mm | H23: 高度 higher | I23: Not CTQ | J23: 0.86±0.04 mm | K23: CMM | L23: 0.86±0.04 mm | M23: CMM | N23: 5pcs/2h
B24: Dim | C24: / | D24: / | E24: / | F24: / | G24: 0.85±0.05 mm | H24: 高度 higher | I24: Not CTQ | J24: 0.85±0.04 mm | K24: CMM | L24: 0.85±0.04 mm | M24: CMM | N24: 5pcs/2h
B25: Dim | C25: / | D25: / | E25: / | F25: / | G25: ⌒ 0.08 max | H25: 线轮廓度 Line Profile | I25: Not CTQ | J25: 0.06 max | K25: CMM | L25: 0.06 max | M25: CMM | N25: 5pcs/2h
B26: Dim | C26: / | D26: / | E26: / | F26: / | G26: // 0.1 max | H26: 平行度 Parallelism | I26: Not CTQ | J26: 0.08 max | K26: CMM | L26: 0.08 max | M26: CMM | N26: 5pcs/2h
B27: Dim | C27: / | D27: / | E27: / | F27: / | G27: ⌒ 0.15 max | H27: 线轮廓度 Line Profile | I27: Not CTQ | J27: 0.12 max | K27: CMM | L27: 0.12 max | M27: CMM | N27: 5pcs/2h
B28: Dim | C28: / | D28: / | E28: / | F28: / | G28: ⌓ 0.15 max | H28: 面轮廓度 Surface Profile | I28: Not CTQ | J28: 0.12 max | K28: CMM | L28: 0.12 max | M28: CMM | N28: 5pcs/2h
B29: Dim | C29: / | D29: / | E29: / | F29: / | G29: ⌓ 0.15 max | H29: 面轮廓度 Surface Profile | I29: Not CTQ | J29: 0.12 max | K29: CMM | L29: 0.12 max | M29: CMM | N29: 5pcs/2h

Sheet Surface Treatment
A1: Project | B1: Build
A2: =IF(Revision!A4="","",Revision!A4) -> B747 Radial | B2: =IF(Revision!B4="","",Revision!B4) -> Ramp
A3: APN | B3: Description
A4: =Revision!A8 -> 160-05689-A(Mirror 160-05690-A) | B4: Surface Treatment
A6: Station Station No. with Description | B6: Category Dim, Cos, Function, ORT | C6: Apple DWG Apple official drawing for reference, DO NOT release for online control | F6: Internal DWG Vendor internal drawing been used for by station inspections | J6: FAI Control Plan Refer "Online Quality Control Reaction Plan" | L6: IPQC Control Plan Refer "Online Quality Control Reaction Plan"
C7: SPC No. | D7: FAI No. | E7: Spec | F7: Dim No. | G7: Spec | H7: Description | I7: CTQ Category | J7: FAI Spec | K7: Inspection Equipment | L7: IPQC Spec | M7: Inspection Equipment | N7: Inspection Frequency
A8: 滚动研磨 Tumbling | B8: Cos | C8: / | D8: / | E8: / | F8: / | G8: R0.1-0.3mm | H8: 倒角度 Corner radius | I8: Not CTQ | J8: R0.1-0.2mm | K8: 投影仪 Profile Projector | L8: R0.1-0.2mm | M8: 投影仪 Profile Projector | N8: 5pcs/Barrel
A9: CuEN 电镀 CuEN Plating | B9: Dim | C9: / | D9: / | E9: Cu：2.5-5μm EN：2-4μm Total：4.5~9.0μm | F9: / | G9: Cu：2.5-5μm EN：2-4μm Total：4.5~9.0μm | H9: 单边镀层厚度 Single side plating thickness | I9: Not CTQ | J9: Cu：2.5-5μm EN：2-4μm Total：4.5~9.0μm | K9: X射线测厚仪 EDXRF Spectrometer | L9: Cu：2.5-5μm EN：2-4μm Total：4.5~9.0μm | M9: X射线测厚仪 EDXRF Spectrometer | N9: 9pcs/Barrel
B10: Dim | C10: / | D10: 20 | E10: 177.5±87.5 Gu | F10: FAI 20 | G10: 177.5±70 Gu | H10: 光泽 Gloss | I10: Not CTQ | J10: 177.5±70 Gu | K10: 光泽度计 Gloss Meter | L10: 177.5±70 Gu | M10: 光泽度计 Gloss Meter | N10: 9pcs/Barrel
B11: Dim | C11: / | D11: 21 | E11: 0.35+/-0.2um/Ra | F11: FAI 21 | G11: 0.35+/-0.2um/Ra | H11: 粗糙度 X Roughness X | I11: Not CTQ | J11: 0.35+/-0.16um/Ra | K11: 粗糙度仪 Roughness Meter | L11: 0.35+/-0.16um/Ra | M11: 粗糙度仪 Roughness Meter | N11: 9pcs/Barrel
B12: Dim | C12: / | D12: 22 | E12: 0.35+/-0.2um/Ra | F12: FAI 22 | G12: 0.35+/-0.2um/Ra | H12: 粗糙度 Y Roughness Y | I12: Not CTQ | J12: 0.35+/-0.16um/Ra | K12: 粗糙度仪 Roughness Meter | L12: 0.35+/-0.16um/Ra | M12: 粗糙度仪 Roughness Meter | N12: 9pcs/Barrel
B13: Dim | C13: / | D13: / | E13: L 60~75 a 1.2-2.7 b 4.5~10 | F13: / | G13: L 60~75 a 1.2-2.7 b 4.5~10 | H13: 色差 Color | I13: Not CTQ | J13: L 60~75 a 1.2-2.7 b 4.5~10 | K13: 色差计 Color Meter | L13: L 60~75 a 1.2-2.7 b 4.5~10 | M13: 色差计 Color Meter | N13: 9pcs/Barrel
B14: ORT | C14: / | D14: / | E14: 9-14% by weight | F14: / | G14: 9-14% by weight | H14: 化学镍 P含量 EN PHOS Content | I14: Not CTQ | J14: 9-14% by weight | K14: SEM/EDS | L14: 9-14% by weight | M14: SEM/EDS | N14: 3pcs/Day
B15: ORT | C15: / | D15: / | E15: / | F15: / | G15: 4B | H15: 百格测试 Cross hatch testing | I15: Not CTQ | J15: 4B | K15: 划格刀 Knife | L15: 4B | M15: 划格刀 Knife | N15: 9pcs/Barrel
B16: ORT | C16: / | D16: 25 | E16: ≥32 | F16: FAI 25 | G16: ≥34 | H16: 达因笔测试 Dyne test | I16: Not CTQ | J16: ≥34 | K16: 达因笔 Dyne pen | L16: ≥34 | M16: 达因笔 Dyne pen | N16: 9pcs/Barrel
B17: Cos | C17: / | D17: / | E17: 069-8198.Class B | F17: / | G17: 069-8198.Class B | H17: 外观 Cosmetic | I17: Not CTQ | J17: 069-8198.Class B | K17: 目视 Visual | L17: 069-8198.Class B | M17: 目视 Visual | N17: GB2828 AQL 0.4 level 2
A18: AOI尺寸检验 AOI Dimension inspection | B18: Dim | C18: / | D18: / | E18: / | F18: / | G18: 9.03±0.1 mm | H18: 长 Length | I18: Not CTQ | J18: 9.03±0.09 mm | K18: OMM | L18: 9.03±0.09 mm | M18: OMM | N18: 3pcs/4h
B19: Dim | C19: / | D19: / | E19: / | F19: / | G19: 3.43±0.1 mm | H19: 宽 width | I19: Not CTQ | J19: 3.43±0.09 mm | K19: OMM | L19: 3.43±0.09 mm | M19: OMM | N19: 3pcs/4h
B20: Dim | C20: / | D20: / | E20: / | F20: / | G20: 1.44±0.1 mm | H20: 高 Height | I20: Not CTQ | J20: 1.44±0.09 mm | K20: OMM | L20: 1.44±0.09 mm | M20: OMM | N20: 3pcs/4h
B21: Function | C21: / | D21: / | E21: / | F21: / | G21: 产品需100%磁感检验 production must 100% Magnet orientation inspection | H21: 磁感检测 Magnet orientation inspection | I21: Not CTQ | J21: 产品需100%磁感检验 production must 100% Magnet orientation inspection | K21: 磁感检测 Magnet orientation inspection | L21: 产品需100%磁感检验 production must 100% Magnet orientation inspection | M21: 磁感检测 Magnet orientation inspection | N21: AOI : 100%
B22: Cos | C22: / | D22: / | E22: 069-8198.Class B | F22: / | G22: 069-8198.Class B | H22: 外观 Cosmetic | I22: Not CTQ | J22: 069-8198.Class B | K22: 目视 Visual | L22: 069-8198.Class B | M22: 目视 Visual | N22: 500pcs/4h

Sheet Assembling
A1: Project | B1: Build
A2: =IF(Revision!A4="","",Revision!A4) -> B747 Radial | B2: =IF(Revision!B4="","",Revision!B4) -> Ramp
A3: APN | B3: Description
A4: =Revision!A9 -> 160-05689-A(Mirror 160-05690-A) | B4: =Revision!B9 -> Assembling
A6: Station Station No. with Description | B6: Category Dim, Cos, Function, ORT | C6: Apple DWG Apple official drawing for reference, DO NOT release for online control | F6: Internal DWG Vendor internal drawing been used for by station inspections | J6: FAI Control Plan Refer "Online Quality Control Reaction Plan" | L6: IPQC Control Plan Refer "Online Quality Control Reaction Plan"
C7: SPC No. | D7: FAI No. | E7: Spec | F7: Dim No. | G7: Spec | H7: Description | I7: CTQ Category | J7: FAI Spec | K7: Inspection Equipment | L7: IPQC Spec | M7: Inspection Equipment | N7: Inspection Frequency
A8: Magnetization | B8: Function | C8: / | D8: / | E8: 3.05 ± 0.24 μWb*cm | F8: / | G8: 3.05 ± 0.24 μWb*cm | H8: MM 磁矩 | I8: Critical to FATP | J8: 3.05 ± 0.2 μWb*cm | K8: Three-dimensional coil tester | L8: 3.05 ± 0.2 μWb*cm | M8: Three-dimensional coil tester | N8: 5pcs/2h
B9: Function | C9: / | D9: 26 | E9: 0 ± 7 ° | F9: FAI 26 | G9: 0 ± 5 ° | H9: Polarity Angle 磁偏角 | I9: Critical to FATP | J9: 0 ± 5 ° | K9: Three-dimensional coil tester | L9: 0 ± 5 ° | M9: Three-dimensional coil tester | N9: 5pcs/2h
A10: Laser | B10: Cos | C10: / | D10: / | E10: / | F10: / | G10: Concave side Laser marking: M1 or M2 Clear and Visible，reference for laser marking heig:2.2mm | H10: 镭雕 Laser marking | I10: Not CTQ | J10: Concave side Laser marking: M1 or M2 Clear and Visible，reference for laser marking heig:2.2mm | K10: 目视 Visual | L10: Concave side Laser marking: M1 or M2 Clear and Visible，reference for laser marking heig:2.2mm | M10: 目视 Visual | N10: 2times/shift
A11: 100% inspection | B11: Function | C11: / | D11: / | E11: / | F11: / | G11: The outline of the image displayed on the magnetic film is clearly visible | H11: Magnetic film | I11: Critical to FATP | J11: The outline of the image displayed on the magnetic film is clearly visible | K11: 磁极片 Magnetic film | L11: The outline of the image displayed on the magnetic film is clearly visible | M11: 磁极片 Magnetic film | N11: Production:100% inspection
B12: Function | C12: / | D12: / | E12: / | F12: / | G12: Polarity Check | H12: Polarity | I12: Critical to FATP | J12: Polarity Check | K12: 极性笔 Polar Pen | L12: Polarity Check | M12: 极性笔 Polar Pen | N12: Production:100% inspection
B13: Cos | C13: / | D13: / | E13: 069-8198.Class B | F13: / | G13: 069-8198.Class B | H13: Visual Inspection | I13: Not CTQ | J13: 069-8198.Class B | K13: Visual Inspection | L13: 069-8198.Class B | M13: Visual Inspection | N13: Production:100% inspection

Sheet OQC
A1: Project | B1: Build
A2: =Revision!A4 -> B747 Radial | B2: =Revision!B4 -> Ramp
A3: APN | B3: Description
A4: =Revision!A6 -> 160-05689-A(Mirror 160-05690-A) | B4: =Revision!B10 -> OQC
A6: Part Name | B6: APN | C6: Revision | D6: Category Dim, Cos, Function, ORT | E6: Description Detailed inspection items | F6: Control Plan Refer "IQC Reaction Plan"
F7: Inspection Equipment | G7: Sampling Plan | H7: Acceptance Criteria
A8: MAGNET,RADIAL,M1MAGNETIZED,TE （MAGNET,RADIAL,M2MAGNETIZED,TE） | B8: 160-05689-A (Mirror 160-05690-A) | C8: 4 | D8: Dim | E8: Thickness 0.96±0.1 mm | F8: CMM | G8: 32pcs/Lot | H8: CPK≥1.33
C9: 4 | D9: Dim | E9: Thickness 0.93±0.1 mm | F9: CMM | G9: 32pcs/Lot | H9: CPK≥1.33
C10: 4 | D10: Dim | E10: Thickness 0.90±0.1 mm | F10: CMM | G10: 32pcs/Lot | H10: CPK≥1.33
C11: 4 | D11: Dim | E11: Thickness 0.88±0.1 mm | F11: CMM | G11: 32pcs/Lot | H11: CPK≥1.33
C12: 4 | D12: Dim | E12: Thickness 0.87±0.1 mm | F12: CMM | G12: 32pcs/Lot | H12: CPK≥1.33
C13: 4 | D13: Dim | E13: Thickness 0.86±0.1 mm | F13: CMM | G13: 32pcs/Lot | H13: CPK≥1.33
C14: 4 | D14: Dim | E14: Thickness 0.87±0.1 mm | F14: CMM | G14: 32pcs/Lot | H14: CPK≥1.33
C15: 4 | D15: Dim | E15: Thickness 0.86±0.1 mm | F15: CMM | G15: 32pcs/Lot | H15: CPK≥1.33
C16: 4 | D16: Dim | E16: Thickness 0.85±0.1 mm | F16: CMM | G16: 32pcs/Lot | H16: CPK≥1.33
C17: 4 | D17: Dim | E17: Line Profile ⌒ 0.08 max | F17: CMM | G17: 32pcs/Lot | H17: CPK≥1.33
C18: 4 | D18: Dim | E18: Parallelism // 0.1 max | F18: CMM | G18: 32pcs/Lot | H18: CPK≥1.33
C19: 4 | D19: Dim | E19: Line Profile ⌒ 0.15 max | F19: CMM | G19: 32pcs/Lot | H19: CPK≥1.33
C20: 4 | D20: Dim | E20: Surface Profile ⌓ 0.15 max | F20: CMM | G20: 32pcs/Lot | H20: CPK≥1.33
... C22: 4 | D22: Dim | E22: Top layer: EN 2.0-4.0μm | F22: 切片+金相 Section+Optical Microscope | G22: 9pcs/Lot | H22: No Alert(65%)
C23: 4 | D23: Dim | E23: Bottom layer: Cu 2.5-5.0μm | G23: 9pcs/Lot | H23: No Alert(65%)
C24: 4 | D24: Dim | E24: Single sided plating thickness 4.5-9.0μm | G24: 9pcs/Lot | H24: No Alert(65%)
C25: 4 | D25: Dim | E25: Crack performance Size, number and crack locations | G25: 9pcs/Lot | H25: 0收1退(Ac=0)
C26: 4 | D26: Dim | E26: Gloss 177.5±87.5 GU | F26: 光泽度计 Gloss Meter | G26: 9pcs/Lot | H26: No Alert(65%)
C27: 4 | D27: Dim | E27: Roughness X/Y X/Y:0.35+/-0.2um/Ra | F27: 粗糙度仪 Roughness Meter | G27: 9pcs/Lot | H27: No Alert(65%)
C28: 4 | D28: Dim | E28: Color L 60~75 a 1.2-2.7 b 4.5~10 | F28: 色差计 Color Meter | G28: 9pcs/Lot | H28: No Alert(65%)
C29: 4 | D29: Function | E29: Magnetic Moment 3.05 ± 0.24 μWb*cm | F29: Three-dimensional coil tester | G29: 32pcs/Lot | H29: 0收1退(Ac=0)
C30: 4 | D30: Function | E30: Polarity Angle 0±7° | F30: Three-dimensional coil tester | G30: 32pcs/Lot | H30: 0收1退(Ac=0)
C31: 4 | D31: ORT | E31: Dyen ≥34 (Internal control) | F31: 达因笔 Dyne pen | G31: 32pcs/Lot | H31: 0收1退(Ac=0)
C32: 4 | D32: ORT | E32: Cross-Hatch 4B | F32: Cross cutting guide, knife and 3M 610 tape | G32: 9pcs/Lot | H32: 0收1退(Ac=0)
C33: 4 | D33: ORT | E33: Plating Pull Test TBD N, Data collection | F33: Universal Test Machine | G33: 10pcs/Lot | H33: 0收1退(Ac=0)
C34: 4 | D34: ORT | E34: TBD N | F34: Bending Force test | G34: 32pcd/lot | H34: 0收1退(Ac=0)
C35: 4 | D35: Cos | E35: 069-8198.Class B | F35: Visual | G35: GB2828 AQL 0.4 level 2 | H35: GB2828 AQL 0.4 level 2

Sheet Rel
A1: Project | B1: Build
A2: =IF(Revision!A4="","",Revision!A4) -> B747 Radial | B2: =IF(Revision!B4="","",Revision!B4) -> Ramp
A3: APN | B3: Description
A4: =Revision!A11 -> 160-05689-A(Mirror 160-05690-A) | B4: =IF(Revision!B11="","",Revision!B11) -> Rel
A6: Rel Requirement | G6: Sample Size / Frequency
A7: Rel title | B7: Rel document | C7: Rel revision date | D7: Rel options | E7: Applicability | F7: Failure criteria | G7: NPI | H7: MP | I7: Re-test Qty*
A8: PP-SST W/O Laser marking | B8: ASTM B117-11 | D8: 5%NaCl,35±2°C，PH6.5-7.2, 24hrs | E8: Plating | F8: No corrosion and pitting | G8: 9pcs/Lot | H8: 9pcs/Lot | I8: 32pcs/Lot
A9: PP-SST Laser marking | B9: ASTM B117-11 | D9: 5%NaCl,35±2°C，PH6.5-7.2, 24hrs | E9: Plating | F9: No corrosion and pitting | G9: 32pcs/Lot | H9: 32pcs/Lot | I9: 32pcs/Lot
A10: PP-Heat Quench Test | B10: Apple ERS 080-02981-B | D10: 250°C,1h | E10: Plating | F10: No break, crack, peel off, bubble | G10: 9pcs/Lot | H10: 9pcs/Lot | I10: 32pcs/Lot
A11: PP-HS | B11: Apple 080-1654-K | D11: 72hr 85°C/85%RH | E11: Plating | F11: <5% Decrease in MM | G11: 32pcs/Lot | H11: 10pcs/Lot | I11: 32pcs/Lot
A12: PP-THC | B12: Apple 080-1656-H | D12: 72hr 65°C/90%RH to -20°C/UNC | E12: Plating | F12: <5% Decrease in MM | G12: 32pcs/Lot | H12: 10pcs/Lot | I12: 32pcs/Lot
A13: PP-Cross Hatch T0 &72H HS | D13: 72hr 65°C/90%RH | E13: Plating | F13: Data collection | G13: 9pcs/Lot | H13: 9pcs/Lot | I13: 32pcs/Lot

Sheet Instruction
B2: Q-Plan Template Instruction
A3: 1 | B3: File Naming Rule as "Project number_Build name_Part Name_Document type__Vendor name_Date(YYYYMMDD)" (eg. J817_P1_HSG_Q-Plan_McEG_20240701)
A4: 2 | B4: For revison sheet, need add APN for specific process whenever available.
A5: 3 | B5: For CNC prcoess, need add process description (eg. CNC5 structure side finishing CNC).
A6: 4 | B6: For IM process, need add quality control plan for K87 (Ano 0) as well.
A7: 5 | B7: For CTQ category, need split into different categories: Critical to ID feature, Critical to FATP, Critical to HSG assembly, NUD (new/unique/difficult), Not CTQ
A8: 6 | B8: For QC stations (eg. AIM, Ano QC, FQC), need to treat as the same as process station in Q-plan and add its control plan in IPQC.
A9: 7 | B9: For Rel control plan, Rel option stands for specific opition need to be implemented (eg. 504Hrs Heat Soak, 72Hrs Temperature Humidity Cycle, 300hrs Indoor Exposure)
B11: IQC Reaction Plan
B35: Online Quality Control Reaction Plan - Dimension
B60: Online Quality Control Reaction Plan - ORT
B81: Rel Test Reaction Plan
B108: Q-Plan Template Revisions
B109: Revision | C109: Date | D109: Description
B110: 1 | C110: 45443 | D110: Initial release
B111: 2 | C111: 45477 | D111: Changed Q-plan logic, added reaction plan
B112: 3 | C112: 45482 | D112: Small bug fix
B113: 4 | C113: 45509 | D113: Split FAI and IPQC spec, updated reaction plan
B114: 5 | C114: 45513 | D114: Remove "rel" from category
B115: 6 | C115: 45518 | D115: Small bug fix
